[{"@type":"dssTask","id":"@1","name":"S3 to DynamoDB","description":"3. Moves flat files from S3 to DynamoDB.","maxLogs":10,"sourceConnectionId":"@3HoIB3RmXqPighSOp6A4Ko","targetConnectionId":"@8ufmTI8aPbXee9Mj0iKWcN","targetObject":"movie_orders_aggregate","targetObjectLabel":"movie_orders_aggregate","operation":"Upsert","maxRows":0,"truncateTarget":false,"bulkApiDBTarget":false,"verbose":false,"targetMetadataUpdated":false,"modelVersion":"V3-R600","queryAll":false,"srcSettings":{"@type":"taskDataSourceSetting","isShowLabels":true,"isNaturalOrder":true},"tgtSettings":{"@type":"taskDataSourceSetting","isShowLabels":true,"isNaturalOrder":true},"cfSettings":{"@type":"taskDataSourceSetting","isShowLabels":false,"isNaturalOrder":true},"bulkApi":false,"bulkApiSerialMode":false,"bulkApiMonitor":false,"isTargetObjectSfCustom":false,"allowNullUpdates":false,"targetBatchSize":200,"assignmentRuleId":"-1","assignmentRuleType":"None","createSuccessFile":false,"bulkApiHardDelete":false,"srcRuntimeAttrs":{"@type":"taskRuntimeAttrs","attrs":{"Staging file location":"","Part Size":"5242880","Enable Downloading S3 File in Multiple Parts":"0","Header Line Number":"0","Read Data From Line":"1"}},"tgtRuntimeAttrs":{"@type":"taskRuntimeAttrs","attrs":{"Write Capacity Unit":"0","Success File Directory":"","Error File Directory":"","Batch Size":"25"}},"parameterFileEncoding":"UTF-8","sourceObjects":[{"@type":"mObject","name":"movie_orders_csv_200.csv","label":"movie_orders_csv_200.csv","metadataUpdated":false,"relations":[],"children":[]}],"advancedFilters":[],"filters":[{"@type":"filter","objectName":"movie_orders_csv_200.csv","objectLabel":"movie_orders_csv_200.csv","field":"state","fieldLabel":"state","type":"STRING","operator":"notEquals","value":"DC"}],"fieldMaps":[{"@type":"fieldMap","id":"19989028","targetField":{"@type":"field","id":54877936,"name":"item","type":"string","uniqueName":"item","label":"item","parentObject":"movie_orders_aggregate","pcType":"NSTRING","precision":350,"scale":0,"columnIndex":-1,"isKey":false,"isExternalId":false,"isSfIdLookup":false,"isNullable":true,"isUnique":false,"isCreateable":false,"isUpdateable":true,"isFilterable":true,"isCalculated":false,"javaType":"java.lang.String","showLabel":true,"naturalOrder":0,"linkedFields":["item"],"relatedInfos":[],"references":[]},"expression":"item"},{"@type":"fieldMap","id":"19989031","targetField":{"@type":"field","id":54877939,"name":"amount","type":"string","uniqueName":"amount","label":"amount","parentObject":"movie_orders_aggregate","pcType":"NSTRING","precision":350,"scale":0,"columnIndex":-1,"isKey":false,"isExternalId":false,"isSfIdLookup":false,"isNullable":true,"isUnique":false,"isCreateable":false,"isUpdateable":true,"isFilterable":true,"isCalculated":false,"javaType":"java.lang.String","showLabel":true,"naturalOrder":1,"linkedFields":["amount"],"relatedInfos":[],"references":[]},"expression":"amount"},{"@type":"fieldMap","id":"19989034","targetField":{"@type":"field","id":54877942,"name":"address","type":"string","uniqueName":"address","label":"address","parentObject":"movie_orders_aggregate","pcType":"NSTRING","precision":350,"scale":0,"columnIndex":-1,"isKey":false,"isExternalId":false,"isSfIdLookup":false,"isNullable":true,"isUnique":false,"isCreateable":false,"isUpdateable":true,"isFilterable":true,"isCalculated":false,"javaType":"java.lang.String","showLabel":true,"naturalOrder":2,"linkedFields":["address"],"relatedInfos":[],"references":[]},"expression":"address"},{"@type":"fieldMap","id":"19989037","targetField":{"@type":"field","id":54877945,"name":"city","type":"string","uniqueName":"city","label":"city","parentObject":"movie_orders_aggregate","pcType":"NSTRING","precision":350,"scale":0,"columnIndex":-1,"isKey":false,"isExternalId":false,"isSfIdLookup":false,"isNullable":true,"isUnique":false,"isCreateable":false,"isUpdateable":true,"isFilterable":true,"isCalculated":false,"javaType":"java.lang.String","showLabel":true,"naturalOrder":3,"linkedFields":["city"],"relatedInfos":[],"references":[]},"expression":"city"},{"@type":"fieldMap","id":"19989040","targetField":{"@type":"field","id":54877948,"name":"last_name","type":"string","uniqueName":"last_name","label":"last_name","parentObject":"movie_orders_aggregate","pcType":"NSTRING","precision":350,"scale":0,"columnIndex":-1,"isKey":false,"isExternalId":false,"isSfIdLookup":false,"isNullable":true,"isUnique":false,"isCreateable":false,"isUpdateable":true,"isFilterable":true,"isCalculated":false,"javaType":"java.lang.String","showLabel":true,"naturalOrder":4,"linkedFields":["last_name"],"relatedInfos":[],"references":[]},"expression":"last_name"},{"@type":"fieldMap","id":"19989043","targetField":{"@type":"field","id":54877951,"name":"zip_code","type":"string","uniqueName":"zip_code","label":"zip_code","parentObject":"movie_orders_aggregate","pcType":"NSTRING","precision":350,"scale":0,"columnIndex":-1,"isKey":false,"isExternalId":false,"isSfIdLookup":false,"isNullable":true,"isUnique":false,"isCreateable":false,"isUpdateable":true,"isFilterable":true,"isCalculated":false,"javaType":"java.lang.String","showLabel":true,"naturalOrder":5,"linkedFields":["zip_code"],"relatedInfos":[],"references":[]},"expression":"zip_code"},{"@type":"fieldMap","id":"19989046","targetField":{"@type":"field","id":54877954,"name":"credit_card","type":"string","uniqueName":"credit_card","label":"credit_card","parentObject":"movie_orders_aggregate","pcType":"NSTRING","precision":350,"scale":0,"columnIndex":-1,"isKey":false,"isExternalId":false,"isSfIdLookup":false,"isNullable":true,"isUnique":false,"isCreateable":false,"isUpdateable":true,"isFilterable":true,"isCalculated":false,"javaType":"java.lang.String","showLabel":true,"naturalOrder":6,"linkedFields":["credit_card"],"relatedInfos":[],"references":[]},"expression":"credit_card"},{"@type":"fieldMap","id":"19989049","targetField":{"@type":"field","id":54877957,"name":"credit_card_type","type":"string","uniqueName":"credit_card_type","label":"credit_card_type","parentObject":"movie_orders_aggregate","pcType":"NSTRING","precision":350,"scale":0,"columnIndex":-1,"isKey":false,"isExternalId":false,"isSfIdLookup":false,"isNullable":true,"isUnique":false,"isCreateable":false,"isUpdateable":true,"isFilterable":true,"isCalculated":false,"javaType":"java.lang.String","showLabel":true,"naturalOrder":7,"linkedFields":["credit_card_type"],"relatedInfos":[],"references":[]},"expression":"credit_card_type"},{"@type":"fieldMap","id":"19989052","targetField":{"@type":"field","id":54877960,"name":"state","type":"string","uniqueName":"state","label":"state","parentObject":"movie_orders_aggregate","pcType":"NSTRING","precision":350,"scale":0,"columnIndex":-1,"isKey":false,"isExternalId":false,"isSfIdLookup":false,"isNullable":true,"isUnique":false,"isCreateable":false,"isUpdateable":true,"isFilterable":true,"isCalculated":false,"javaType":"java.lang.String","showLabel":true,"naturalOrder":8,"linkedFields":["state"],"relatedInfos":[],"references":[]},"expression":"state"},{"@type":"fieldMap","id":"19989055","targetField":{"@type":"field","id":54877963,"name":"customer_id","type":"string","uniqueName":"customer_id","label":"customer_id","parentObject":"movie_orders_aggregate","pcType":"NSTRING","precision":350,"scale":0,"columnIndex":-1,"isKey":false,"isExternalId":false,"isSfIdLookup":false,"isNullable":true,"isUnique":false,"isCreateable":false,"isUpdateable":true,"isFilterable":true,"isCalculated":false,"javaType":"java.lang.String","showLabel":true,"naturalOrder":9,"linkedFields":["customer_id"],"relatedInfos":[],"references":[]},"expression":"customer_id"},{"@type":"fieldMap","id":"19989058","targetField":{"@type":"field","id":54877966,"name":"first_name","type":"string","uniqueName":"first_name","label":"first_name","parentObject":"movie_orders_aggregate","pcType":"NSTRING","precision":350,"scale":0,"columnIndex":-1,"isKey":false,"isExternalId":false,"isSfIdLookup":false,"isNullable":true,"isUnique":false,"isCreateable":false,"isUpdateable":true,"isFilterable":true,"isCalculated":false,"javaType":"java.lang.String","showLabel":true,"naturalOrder":10,"linkedFields":["first_name"],"relatedInfos":[],"references":[]},"expression":" Upper(first_name) "},{"@type":"fieldMap","id":"19989061","targetField":{"@type":"field","id":54877969,"name":"order_id","type":"string","uniqueName":"order_id","label":"order_id","parentObject":"movie_orders_aggregate","pcType":"NSTRING","precision":350,"scale":0,"columnIndex":-1,"isKey":true,"isExternalId":false,"isSfIdLookup":false,"isNullable":true,"isUnique":false,"isCreateable":false,"isUpdateable":true,"isFilterable":true,"isCalculated":false,"javaType":"java.lang.String","showLabel":true,"naturalOrder":11,"linkedFields":["order_id"],"relatedInfos":[],"references":[]},"expression":"order_id"},{"@type":"fieldMap","id":"19989064","targetField":{"@type":"field","id":54877972,"name":"email","type":"string","uniqueName":"email","label":"email","parentObject":"movie_orders_aggregate","pcType":"NSTRING","precision":350,"scale":0,"columnIndex":-1,"isKey":false,"isExternalId":false,"isSfIdLookup":false,"isNullable":true,"isUnique":false,"isCreateable":false,"isUpdateable":true,"isFilterable":true,"isCalculated":false,"javaType":"java.lang.String","showLabel":true,"naturalOrder":12,"linkedFields":["email"],"relatedInfos":[],"references":[]},"expression":"email"}],"sourceFields":[{"@type":"field","id":54877975,"name":"order_id","type":"string","uniqueName":"order_id","label":"order_id","parentObject":"movie_orders_csv_200.csv","pcType":"NSTRING","precision":256,"scale":0,"columnIndex":-1,"isKey":false,"isExternalId":false,"isSfIdLookup":false,"isNullable":true,"isUnique":false,"isCreateable":false,"isUpdateable":true,"isFilterable":true,"isCalculated":false,"javaType":"java.lang.String","showLabel":true,"naturalOrder":0,"linkedFields":["order_id"],"relatedInfos":[],"references":[]},{"@type":"field","id":54877978,"name":"item","type":"string","uniqueName":"item","label":"item","parentObject":"movie_orders_csv_200.csv","pcType":"NSTRING","precision":256,"scale":0,"columnIndex":-1,"isKey":false,"isExternalId":false,"isSfIdLookup":false,"isNullable":true,"isUnique":false,"isCreateable":false,"isUpdateable":true,"isFilterable":true,"isCalculated":false,"javaType":"java.lang.String","showLabel":true,"naturalOrder":1,"linkedFields":["item"],"relatedInfos":[],"references":[]},{"@type":"field","id":54877981,"name":"amount","type":"string","uniqueName":"amount","label":"amount","parentObject":"movie_orders_csv_200.csv","pcType":"NSTRING","precision":256,"scale":0,"columnIndex":-1,"isKey":false,"isExternalId":false,"isSfIdLookup":false,"isNullable":true,"isUnique":false,"isCreateable":false,"isUpdateable":true,"isFilterable":true,"isCalculated":false,"javaType":"java.lang.String","showLabel":true,"naturalOrder":2,"linkedFields":["amount"],"relatedInfos":[],"references":[]},{"@type":"field","id":54877984,"name":"customer_id","type":"string","uniqueName":"customer_id","label":"customer_id","parentObject":"movie_orders_csv_200.csv","pcType":"NSTRING","precision":256,"scale":0,"columnIndex":-1,"isKey":false,"isExternalId":false,"isSfIdLookup":false,"isNullable":true,"isUnique":false,"isCreateable":false,"isUpdateable":true,"isFilterable":true,"isCalculated":false,"javaType":"java.lang.String","showLabel":true,"naturalOrder":3,"linkedFields":["customer_id"],"relatedInfos":[],"references":[]},{"@type":"field","id":54877987,"name":"first_name","type":"string","uniqueName":"first_name","label":"first_name","parentObject":"movie_orders_csv_200.csv","pcType":"NSTRING","precision":256,"scale":0,"columnIndex":-1,"isKey":false,"isExternalId":false,"isSfIdLookup":false,"isNullable":true,"isUnique":false,"isCreateable":false,"isUpdateable":true,"isFilterable":true,"isCalculated":false,"javaType":"java.lang.String","showLabel":true,"naturalOrder":4,"linkedFields":["first_name"],"relatedInfos":[],"references":[]},{"@type":"field","id":54877990,"name":"last_name","type":"string","uniqueName":"last_name","label":"last_name","parentObject":"movie_orders_csv_200.csv","pcType":"NSTRING","precision":256,"scale":0,"columnIndex":-1,"isKey":false,"isExternalId":false,"isSfIdLookup":false,"isNullable":true,"isUnique":false,"isCreateable":false,"isUpdateable":true,"isFilterable":true,"isCalculated":false,"javaType":"java.lang.String","showLabel":true,"naturalOrder":5,"linkedFields":["last_name"],"relatedInfos":[],"references":[]},{"@type":"field","id":54877993,"name":"address","type":"string","uniqueName":"address","label":"address","parentObject":"movie_orders_csv_200.csv","pcType":"NSTRING","precision":256,"scale":0,"columnIndex":-1,"isKey":false,"isExternalId":false,"isSfIdLookup":false,"isNullable":true,"isUnique":false,"isCreateable":false,"isUpdateable":true,"isFilterable":true,"isCalculated":false,"javaType":"java.lang.String","showLabel":true,"naturalOrder":6,"linkedFields":["address"],"relatedInfos":[],"references":[]},{"@type":"field","id":54877996,"name":"city","type":"string","uniqueName":"city","label":"city","parentObject":"movie_orders_csv_200.csv","pcType":"NSTRING","precision":256,"scale":0,"columnIndex":-1,"isKey":false,"isExternalId":false,"isSfIdLookup":false,"isNullable":true,"isUnique":false,"isCreateable":false,"isUpdateable":true,"isFilterable":true,"isCalculated":false,"javaType":"java.lang.String","showLabel":true,"naturalOrder":7,"linkedFields":["city"],"relatedInfos":[],"references":[]},{"@type":"field","id":54877999,"name":"state","type":"string","uniqueName":"state","label":"state","parentObject":"movie_orders_csv_200.csv","pcType":"NSTRING","precision":256,"scale":0,"columnIndex":-1,"isKey":false,"isExternalId":false,"isSfIdLookup":false,"isNullable":true,"isUnique":false,"isCreateable":false,"isUpdateable":true,"isFilterable":true,"isCalculated":false,"javaType":"java.lang.String","showLabel":true,"naturalOrder":8,"linkedFields":["state"],"relatedInfos":[],"references":[]},{"@type":"field","id":54878002,"name":"zip_code","type":"string","uniqueName":"zip_code","label":"zip_code","parentObject":"movie_orders_csv_200.csv","pcType":"NSTRING","precision":256,"scale":0,"columnIndex":-1,"isKey":false,"isExternalId":false,"isSfIdLookup":false,"isNullable":true,"isUnique":false,"isCreateable":false,"isUpdateable":true,"isFilterable":true,"isCalculated":false,"javaType":"java.lang.String","showLabel":true,"naturalOrder":9,"linkedFields":["zip_code"],"relatedInfos":[],"references":[]},{"@type":"field","id":54878005,"name":"email","type":"string","uniqueName":"email","label":"email","parentObject":"movie_orders_csv_200.csv","pcType":"NSTRING","precision":256,"scale":0,"columnIndex":-1,"isKey":false,"isExternalId":false,"isSfIdLookup":false,"isNullable":true,"isUnique":false,"isCreateable":false,"isUpdateable":true,"isFilterable":true,"isCalculated":false,"javaType":"java.lang.String","showLabel":true,"naturalOrder":10,"linkedFields":["email"],"relatedInfos":[],"references":[]},{"@type":"field","id":54878008,"name":"credit_card","type":"string","uniqueName":"credit_card","label":"credit_card","parentObject":"movie_orders_csv_200.csv","pcType":"NSTRING","precision":256,"scale":0,"columnIndex":-1,"isKey":false,"isExternalId":false,"isSfIdLookup":false,"isNullable":true,"isUnique":false,"isCreateable":false,"isUpdateable":true,"isFilterable":true,"isCalculated":false,"javaType":"java.lang.String","showLabel":true,"naturalOrder":11,"linkedFields":["credit_card"],"relatedInfos":[],"references":[]},{"@type":"field","id":54878011,"name":"credit_card_type","type":"string","uniqueName":"credit_card_type","label":"credit_card_type","parentObject":"movie_orders_csv_200.csv","pcType":"NSTRING","precision":256,"scale":0,"columnIndex":-1,"isKey":false,"isExternalId":false,"isSfIdLookup":false,"isNullable":true,"isUnique":false,"isCreateable":false,"isUpdateable":true,"isFilterable":true,"isCalculated":false,"javaType":"java.lang.String","showLabel":true,"naturalOrder":12,"linkedFields":["credit_card_type"],"relatedInfos":[],"references":[]}],"sortFields":[],"groupFields":[]}]