[{"@type":"mappingTemplate","id":"@1","name":"REST API to DynamoDB","description":"4. Joins Airtable bases and pushes to DynamoDB.","bundleVersion":"0","templateId":"@3","deployTime":1591641434000,"hasParameters":false,"valid":true,"fixedConnection":true,"hasParametersDeployed":false,"fixedConnectionDeployed":true,"tasks":1,"mappingPreviewFileRecordId":"@2","documentType":"","references":[{"@type":"reference","refObjectId":"@1NfGEQwoAItlD79myKat8Q","refType":"connection"},{"@type":"reference","refObjectId":"@a08cQtxVYf3g4qBOOL2vgw","refType":"connection"},{"@type":"reference","refObjectId":"@8ufmTI8aPbXee9Mj0iKWcN","refType":"connection"}]}]